,0,1,2,3,4,5,6,accuracy,macro avg,weighted avg
f1-score,0.16666666666666669,0.30434782608695654,0.375,0.4864864864864865,0.4210526315789474,0.6987951807228915,0.7076923076923077,0.5228758169934641,0.4514344427477509,0.5434965732930238
precision,0.13333333333333333,0.2916666666666667,0.375,0.4090909090909091,0.36363636363636365,0.8787878787878788,0.71875,0.5228758169934641,0.45289502164502166,0.5903285304020598
recall,0.2222222222222222,0.3181818181818182,0.375,0.6,0.5,0.58,0.696969696969697,0.5228758169934641,0.4703391053391054,0.5228758169934641
support,9.0,22.0,16.0,15.0,8.0,50.0,33.0,0.5228758169934641,153.0,153.0
