,0,1,2,3,4,5,6,accuracy,macro avg,weighted avg
f1-score,0.5555555555555556,0.6,0.5789473684210527,0.5,0.5833333333333334,0.8351648351648352,0.7605633802816901,0.6928104575163399,0.6305092103937809,0.6959912279015754
precision,0.5555555555555556,0.6666666666666666,0.5,0.6666666666666666,0.4375,0.926829268292683,0.7105263157894737,0.6928104575163399,0.6376777818530065,0.7251993366166891
recall,0.5555555555555556,0.5454545454545454,0.6875,0.4,0.875,0.76,0.8181818181818182,0.6928104575163399,0.6630988455988457,0.6928104575163399
support,9.0,22.0,16.0,15.0,8.0,50.0,33.0,0.6928104575163399,153.0,153.0
