,0,1,2,3,4,5,6,accuracy,macro avg,weighted avg
f1-score,0.6666666666666666,0.6153846153846153,0.6666666666666667,0.689655172413793,0.6956521739130436,0.7755102040816326,0.6031746031746033,0.6862745098039216,0.6732443003287172,0.6849375509247255
precision,0.5833333333333334,0.7058823529411765,0.6470588235294118,0.7142857142857143,0.5333333333333333,0.7916666666666666,0.6333333333333333,0.6862745098039216,0.6584133653461385,0.6967100565716483
recall,0.7777777777777778,0.5454545454545454,0.6875,0.6666666666666666,1.0,0.76,0.5757575757575758,0.6862745098039216,0.7161652236652236,0.6862745098039216
support,9.0,22.0,16.0,15.0,8.0,50.0,33.0,0.6862745098039216,153.0,153.0
