,0,1,2,3,4,5,6,accuracy,macro avg,weighted avg
f1-score,0.15384615384615383,0.20512820512820512,0.45714285714285713,0.4878048780487804,0.07142857142857144,0.575,0.37142857142857144,0.39215686274509803,0.3316827481461627,0.40593049811127285
precision,0.25,0.23529411764705882,0.42105263157894735,0.38461538461538464,0.05,0.7666666666666667,0.35135135135135137,0.39215686274509803,0.35128287883705844,0.459218767259197
recall,0.1111111111111111,0.18181818181818182,0.5,0.6666666666666666,0.125,0.46,0.3939393939393939,0.39215686274509803,0.3483621933621934,0.39215686274509803
support,9.0,22.0,16.0,15.0,8.0,50.0,33.0,0.39215686274509803,153.0,153.0
