,0,1,2,3,4,5,6,accuracy,macro avg,weighted avg
f1-score,0.6666666666666667,0.45,0.4444444444444445,0.3888888888888889,0.31999999999999995,0.6590909090909091,0.5454545454545454,0.5228758169934641,0.4963636363636364,0.538294051627385
precision,0.8333333333333334,0.5,0.4,0.3333333333333333,0.23529411764705882,0.7631578947368421,0.5454545454545454,0.5228758169934641,0.5157961749293019,0.5747728606406443
recall,0.5555555555555556,0.4090909090909091,0.5,0.4666666666666667,0.5,0.58,0.5454545454545454,0.5228758169934641,0.5081096681096681,0.5228758169934641
support,9.0,22.0,16.0,15.0,8.0,50.0,33.0,0.5228758169934641,153.0,153.0
