,0,1,2,3,4,5,6,accuracy,macro avg,weighted avg
f1-score,0.5,0.43478260869565216,0.4324324324324324,0.3846153846153846,0.3870967741935483,0.7252747252747254,0.5423728813559322,0.5359477124183006,0.4866535437953821,0.5490992328201598
precision,0.5714285714285714,0.4166666666666667,0.38095238095238093,0.45454545454545453,0.2608695652173913,0.8048780487804879,0.6153846153846154,0.5359477124183006,0.500675043282224,0.5873300326235265
recall,0.4444444444444444,0.45454545454545453,0.5,0.3333333333333333,0.75,0.66,0.48484848484848486,0.5359477124183006,0.5181673881673882,0.5359477124183006
support,9.0,22.0,16.0,15.0,8.0,50.0,33.0,0.5359477124183006,153.0,153.0
