,0,1,2,3,4,5,6,accuracy,macro avg,weighted avg
f1-score,0.823529411764706,0.6046511627906977,0.45714285714285713,0.5714285714285715,0.7777777777777777,0.888888888888889,0.8484848484848486,0.7516339869281046,0.7102719311826211,0.753375629017377
precision,0.875,0.6190476190476191,0.42105263157894735,0.6153846153846154,0.7,0.8979591836734694,0.8484848484848485,0.7516339869281046,0.7109898425956428,0.7579060009068855
recall,0.7777777777777778,0.5909090909090909,0.5,0.5333333333333333,0.875,0.88,0.8484848484848485,0.7516339869281046,0.7150721500721502,0.7516339869281046
support,9.0,22.0,16.0,15.0,8.0,50.0,33.0,0.7516339869281046,153.0,153.0
