,0,1,2,3,4,5,6,accuracy,macro avg,weighted avg
f1-score,0.15384615384615383,0.2641509433962264,0.4375,0.4615384615384615,0.25,0.45569620253164556,0.32432432432432434,0.35294117647058826,0.33529372651954453,0.3699772934097665
precision,0.11764705882352941,0.22580645161290322,0.4375,0.5454545454545454,0.25,0.6206896551724138,0.2926829268292683,0.35294117647058826,0.35568294827038,0.417656228697388
recall,0.2222222222222222,0.3181818181818182,0.4375,0.4,0.25,0.36,0.36363636363636365,0.35294117647058826,0.3359343434343435,0.35294117647058826
support,9.0,22.0,16.0,15.0,8.0,50.0,33.0,0.35294117647058826,153.0,153.0
